{
    "A1": {
        "camera": {
            "position": {
                "x": 8031.00664,
                "y": 4884.86086,
                "z": 3618.15568
            },
            "rotation": {
                "pitch": 1.6183279752731325,
                "yaw": -90.63818359375004,
                "roll": -9.943199401386958e-17
            },
            "fov": 112.86333465576172
        },
        "dummies": {
            "dummy_1": {
                "x": 813.142879,
                "y": -817.196809,
                "z": 0.0
            },
            "dummy_2": {
                "x": 14721.839554,
                "y": -837.375862,
                "z": -5.8e-05
            },
            "dummy_3": {
                "x": 14721.839554,
                "y": -2549.247269,
                "z": -5.8e-05
            },
            "dummy_4": {
                "x": 844.90722,
                "y": -2488.141689,
                "z": 0.0
            }
        }
    },
    "A2": {
        "camera": {
            "position": {
                "x": 18555,
                "y": -1330,
                "z": 3618.1556775872273
            },
            "rotation": {
                "pitch": -17.20186682553199,
                "yaw": 179.98842393835616,
                "roll": -1.9332392548591936e-08
            },
            "fov": 118.48208618164062
        },
        "dummies": {
            "dummy_1": {
                "x": 813.142879,
                "y": -817.196809,
                "z": 0.0
            },
            "dummy_2": {
                "x": 14721.839554,
                "y": -837.375862,
                "z": 5.8e-05
            },
            "dummy_3": {
                "x": 14721.839554,
                "y": -2549.247269,
                "z": 5.8e-05
            },
            "dummy_4": {
                "x": 844.90722,
                "y": -2488.141689,
                "z": 0.0
            }
        }
    },
    "A3": {
        "camera": {
            "position": {
                "x": 7730.591521026522,
                "y": -6630.186678063937,
                "z": 3618.1556775872273
            },
            "rotation": {
                "pitch": -0.7816723197649628,
                "yaw": 90.22113689305355,
                "roll": 2.1747934787114594e-07
            },
            "fov": 124.44876861572266
        },
        "dummies": {
            "dummy_1": {
                "x": 813.142879,
                "y": -817.196809,
                "z": 0.0
            },
            "dummy_2": {
                "x": 14721.839554,
                "y": -837.375862,
                "z": -5.8e-05
            },
            "dummy_3": {
                "x": 14721.839554,
                "y": -2549.247269,
                "z": -5.8e-05
            },
            "dummy_4": {
                "x": 844.90722,
                "y": -2488.141689,
                "z": 0.0
            }
        }
    },
    "A4": {
        "camera": {
            "position": {
                "x": -2843.1953014519095,
                "y": -1681.4163243900457,
                "z": 3618.155654065968
            },
            "rotation": {
                "pitch": 4.0183287771734975,
                "yaw": -1.2009260321862485,
                "roll": -9.627321075267232e-07
            },
            "fov": 127.40821075439453
        },
        "dummies": {
            "dummy_1": {
                "x": 813.142879,
                "y": -817.196809,
                "z": 0.0
            },
            "dummy_2": {
                "x": 14721.839554,
                "y": -837.375862,
                "z": -5.8e-05
            },
            "dummy_3": {
                "x": 14721.839554,
                "y": -2549.247269,
                "z": -5.8e-05
            },
            "dummy_4": {
                "x": 844.90722,
                "y": -2488.141689,
                "z": 0.0
            }
        }
    }
}